price,bedrooms,bathrooms,sqft,house_type,year_built,neighbourhood,lot_size,garage,distance_to_downtown_km,house_age
1954952,4,5,1727,Townhouse,1985,North York,6307,1,9.1,40
1759465,3,3,2808,Detached,1986,Mississauga,7706,0,5.4,39
2269001,5,1,3691,Detached,1950,Scarborough,4655,0,24.9,75
1590051,5,3,1409,Detached,1964,Scarborough,5173,0,20.8,61
1119006,2,3,1103,Semi-Detached,1986,Mississauga,1909,1,4.2,39
1350224,3,5,974,Detached,1962,Mississauga,5697,1,34.7,63
1887906,3,4,2008,Townhouse,1957,Downtown,7952,1,17.6,68
1911478,3,2,3632,Condo,1954,Scarborough,0,0,18.7,71
2001456,5,4,1512,Semi-Detached,2009,Etobicoke,2672,2,33.0,16
1551768,4,4,1087,Detached,2022,Scarborough,779,1,28.9,3
1828495,3,3,3228,Condo,1950,Scarborough,0,0,21.2,75
2127353,6,4,3032,Semi-Detached,1985,Mississauga,3169,0,21.6,40
1877609,5,1,3036,Condo,1984,Scarborough,0,0,22.4,41
1376951,4,1,888,Detached,2012,Scarborough,5269,1,17.3,13
2352641,6,2,3418,Townhouse,1972,Brampton,5747,1,19.6,53
1692003,6,3,1747,Detached,1958,Etobicoke,4927,1,14.0,67
1829437,2,2,3852,Detached,1983,Mississauga,6635,2,7.3,42
2029853,4,3,3573,Semi-Detached,1995,Scarborough,6073,0,12.9,30
1616970,5,5,893,Townhouse,1953,Brampton,4631,1,7.1,72
1631909,1,4,2067,Semi-Detached,1979,Brampton,7689,0,15.5,46
1720604,4,5,2037,Condo,2021,Brampton,0,0,0.8,4
1066585,2,2,418,Detached,1952,North York,3276,2,17.7,73
2466662,6,4,3925,Condo,1963,Downtown,0,0,1.9,62
2891006,5,3,3953,Semi-Detached,2009,Etobicoke,8197,0,11.8,16
2143544,4,4,2844,Detached,1994,Scarborough,8886,1,19.0,31
1091967,1,1,1400,Detached,1983,North York,1162,2,21.3,42
2132967,1,4,3750,Semi-Detached,1994,Scarborough,9171,1,20.4,31
1449196,3,1,1250,Semi-Detached,2010,Scarborough,8544,1,17.6,15
1707978,3,4,1788,Semi-Detached,1965,Mississauga,4718,1,6.0,60
1448017,2,1,1754,Semi-Detached,2015,Mississauga,5560,0,22.8,10
1572343,4,2,1767,Semi-Detached,1989,Mississauga,6374,1,6.2,36
1533756,4,5,1221,Detached,1966,North York,6081,0,23.8,59
1413679,6,3,854,Semi-Detached,1983,Scarborough,2514,0,20.0,42
2346440,6,4,2024,Detached,1965,Downtown,4289,1,25.9,60
2787610,6,5,3172,Detached,2009,Etobicoke,9603,1,15.2,16
2293862,3,3,3536,Semi-Detached,2015,Mississauga,7648,1,8.4,10
2516025,4,3,3547,Semi-Detached,2015,Mississauga,8266,1,4.7,10
1356087,4,1,1110,Townhouse,1962,Scarborough,2864,0,5.5,63
1715382,1,2,2590,Detached,2005,Scarborough,4129,1,1.9,20
1466418,3,2,1316,Semi-Detached,1980,North York,6419,1,22.5,45
2507321,5,5,3275,Semi-Detached,1983,North York,6175,0,23.5,42
1887182,3,2,3052,Semi-Detached,1988,Mississauga,9372,2,19.4,37
2032269,5,4,1896,Townhouse,2016,Scarborough,7138,2,14.7,9
1595671,1,2,1840,Townhouse,1957,Downtown,5151,0,31.5,68
1272768,2,5,704,Condo,2004,Etobicoke,0,0,14.2,21
1577017,4,2,1135,Detached,1976,Scarborough,8440,0,16.8,49
2001012,1,4,3968,Condo,2002,Scarborough,0,0,14.6,23
1535043,4,1,2738,Semi-Detached,1988,Brampton,871,1,12.3,37
2694236,6,5,2363,Townhouse,2014,North York,7498,2,20.0,11
1526002,2,1,2549,Townhouse,1966,Etobicoke,1115,1,9.9,59
1315247,2,1,2409,Condo,1979,Mississauga,0,0,9.4,46
2140112,1,1,3738,Townhouse,2002,Scarborough,6510,2,20.5,23
1907823,2,3,3314,Semi-Detached,1962,Mississauga,2753,1,11.0,63
2292557,5,3,3415,Townhouse,1970,Scarborough,5442,1,16.1,55
1518823,2,1,3421,Condo,1968,Mississauga,0,0,12.3,57
2585150,4,5,3289,Semi-Detached,2002,Etobicoke,1768,1,14.9,23
1618714,4,4,1361,Condo,1968,North York,0,0,9.6,57
2371490,4,4,3389,Townhouse,2006,Etobicoke,9476,1,9.9,19
1420881,4,2,1426,Condo,1974,Brampton,0,0,8.4,51
2403467,5,5,2532,Condo,1980,Downtown,0,0,21.7,45
2027840,3,3,2775,Detached,2004,North York,2737,1,16.4,21
2232604,6,1,3263,Townhouse,1972,Etobicoke,4554,1,22.3,53
1201616,1,2,1873,Townhouse,1981,Brampton,1435,2,23.2,44
2283142,4,4,2901,Condo,2011,Downtown,0,0,11.3,14
1740925,2,3,2347,Detached,1959,Brampton,8391,1,22.1,66
2315343,4,3,3076,Townhouse,2021,Scarborough,825,0,14.9,4
2233096,2,1,3692,Semi-Detached,2003,Scarborough,8274,2,13.7,22
1899803,6,4,1577,Condo,2001,Mississauga,0,0,25.0,24
1662211,6,5,1064,Townhouse,1969,North York,2485,2,19.4,56
1345037,6,3,411,Semi-Detached,1981,Scarborough,5432,1,12.2,44
1220458,2,1,1556,Townhouse,1963,Brampton,5103,2,18.9,62
1320639,4,5,703,Semi-Detached,1999,North York,3278,0,4.9,26
2462885,6,4,3764,Condo,1977,Scarborough,0,0,17.0,48
2439802,5,3,3422,Townhouse,2002,Mississauga,9332,0,3.0,23
2430272,2,5,3771,Townhouse,1973,Etobicoke,8254,2,7.1,52
1639168,2,5,2163,Detached,1971,Mississauga,4578,2,19.7,54
2387590,4,5,3230,Condo,1979,Downtown,0,0,0.0,46
1193124,2,3,442,Semi-Detached,2012,Scarborough,4542,2,29.4,13
1377901,2,3,1343,Townhouse,1953,Downtown,3075,2,21.7,72
2369211,6,2,2790,Townhouse,2008,Downtown,7254,2,0.3,17
1567715,4,4,1749,Semi-Detached,1957,Brampton,2081,1,34.2,68
2108221,6,1,2945,Condo,1961,North York,0,0,36.4,64
2103331,6,5,2811,Detached,1980,Brampton,2740,2,13.6,45
1486480,4,2,1290,Detached,1983,Scarborough,4466,0,7.6,42
1969623,1,1,2874,Townhouse,1998,Downtown,8104,0,28.5,27
2015409,6,2,1404,Semi-Detached,2006,Etobicoke,8820,0,12.2,19
1537055,5,3,420,Townhouse,1975,Downtown,6468,2,16.3,50
1890396,5,5,806,Semi-Detached,1967,Etobicoke,9543,2,24.7,58
1565937,2,1,3066,Detached,1987,Brampton,7993,0,13.8,38
1340603,5,1,1414,Condo,1999,Brampton,0,0,13.1,26
1020421,2,1,735,Semi-Detached,1957,North York,2576,0,4.8,68
1625688,1,1,2238,Detached,1990,Downtown,5731,1,10.0,35
1937233,4,1,3588,Townhouse,1955,Mississauga,3494,0,12.9,70
1519695,4,2,1547,Semi-Detached,2018,Brampton,4244,0,5.1,7
1929369,4,5,2846,Condo,1993,Brampton,0,0,5.8,32
2511803,5,3,3240,Townhouse,2013,North York,8031,2,15.3,12
1513680,1,3,2227,Townhouse,1978,Etobicoke,7871,1,0.2,47
1664841,5,3,1114,Detached,1977,North York,2144,1,8.0,48
1665651,5,3,450,Semi-Detached,1960,Downtown,3644,0,30.6,65
1083189,1,2,723,Townhouse,2014,Scarborough,742,2,12.2,11
1138320,1,4,1188,Condo,1968,Scarborough,0,0,11.2,57
1272990,1,5,540,Semi-Detached,1958,Etobicoke,8454,1,12.2,67
1742527,4,4,1186,Townhouse,1983,Etobicoke,7630,1,19.6,42
1516069,3,3,2225,Condo,1993,Brampton,0,0,19.0,32
1680799,3,4,1757,Detached,2017,Brampton,8862,1,11.9,8
1436564,1,5,2316,Condo,1964,Scarborough,0,0,13.3,61
1361181,3,1,1363,Semi-Detached,2000,Etobicoke,6831,1,25.5,25
1863174,3,1,3455,Condo,1962,North York,0,0,2.9,63
1130528,1,5,772,Condo,1998,Brampton,0,0,14.5,27
2081092,3,5,2941,Detached,2019,Mississauga,2658,1,16.1,6
1748303,5,3,2092,Condo,2005,Mississauga,0,0,8.8,20
1594849,2,1,3198,Condo,2000,North York,0,0,14.1,25
1334150,2,4,1579,Townhouse,1986,Mississauga,2535,0,7.7,39
1742679,1,2,2738,Townhouse,1966,Downtown,8477,2,20.1,59
1779854,4,2,2071,Semi-Detached,2007,Brampton,1357,1,4.3,18
2089586,1,5,3615,Townhouse,1978,North York,4323,2,23.5,47
1422129,4,3,505,Townhouse,1982,Etobicoke,7270,2,14.4,43
1526666,2,2,1843,Townhouse,2009,Brampton,9741,0,11.4,16
1657213,1,1,3117,Townhouse,2004,North York,798,2,7.0,21
2162254,6,5,2081,Detached,1959,Scarborough,7744,1,23.2,66
1450566,5,4,401,Townhouse,1996,Etobicoke,1423,0,9.8,29
1907317,3,5,3036,Detached,1972,Scarborough,4732,1,5.7,53
2221048,4,4,3091,Detached,1970,Brampton,4806,1,23.4,55
2144380,6,5,2537,Townhouse,1962,Etobicoke,3299,0,7.8,63
2323690,3,5,3816,Condo,1982,Mississauga,0,0,14.2,43
1492252,3,5,749,Detached,1973,North York,5375,0,21.6,52
1870652,1,4,3930,Condo,1960,Brampton,0,0,16.3,65
1771942,3,4,1686,Condo,1966,Downtown,0,0,28.8,59
2562611,5,5,3822,Townhouse,2017,Etobicoke,2302,2,8.3,8
2489671,6,2,3579,Semi-Detached,1996,Etobicoke,3157,1,13.3,29
1363958,3,3,1462,Townhouse,1974,Brampton,3846,0,13.9,51
1921751,1,3,3356,Semi-Detached,2022,Brampton,3449,1,20.0,3
2036097,5,3,2606,Semi-Detached,1970,Scarborough,1441,1,25.3,55
2064422,2,4,3406,Townhouse,1961,Mississauga,2407,1,15.6,64
2116614,6,4,2759,Townhouse,1986,Scarborough,5337,0,13.9,39
2245909,3,2,3712,Semi-Detached,1991,Scarborough,8605,2,3.1,34
981393,1,3,844,Townhouse,1966,Mississauga,1743,2,15.9,59
1959575,2,3,2745,Semi-Detached,1997,Downtown,6196,2,9.8,28
1432758,2,5,1351,Condo,1977,Scarborough,0,0,19.9,48
1328961,4,4,435,Townhouse,1990,Scarborough,4457,2,11.7,35
1528559,5,3,1507,Condo,1996,Etobicoke,0,0,13.1,29
1494048,3,2,1875,Detached,1967,Mississauga,875,1,3.3,58
1325480,1,2,2198,Condo,2020,North York,0,0,0.5,5
1965286,4,3,2245,Condo,1962,Downtown,0,0,29.9,63
1977787,5,4,1808,Semi-Detached,1962,Downtown,7002,0,16.0,63
1244922,4,2,1595,Condo,1980,Mississauga,0,0,18.2,45
1785093,6,5,1799,Townhouse,1951,Brampton,2393,0,7.7,74
1843014,5,2,2108,Semi-Detached,1965,Brampton,8606,0,22.0,60
1639354,5,1,1785,Detached,1958,Etobicoke,2152,1,20.6,67
1777028,3,1,3006,Townhouse,2022,Etobicoke,6040,0,8.6,3
2049774,5,4,3338,Detached,1987,Mississauga,4392,1,6.5,38
2141070,4,3,2588,Condo,2003,Etobicoke,0,0,9.1,22
2530428,5,4,3334,Townhouse,2005,Downtown,5315,1,14.8,20
2508229,3,4,3589,Townhouse,1994,Downtown,2412,0,16.3,31
1635642,3,4,1700,Detached,1983,North York,9984,1,15.3,42
2502360,6,4,3173,Townhouse,1958,Brampton,9292,0,25.4,67
1750108,4,5,1643,Townhouse,1957,Mississauga,9072,1,9.3,68
2291788,2,5,3497,Townhouse,1956,Scarborough,4713,1,6.3,69
1015128,2,2,920,Condo,1985,Brampton,0,0,15.0,40
1835827,5,1,2206,Detached,1967,Scarborough,9790,2,1.5,58
1450394,6,4,409,Townhouse,1952,North York,6099,2,20.6,73
1259887,1,2,1383,Semi-Detached,1977,North York,6948,0,15.8,48
2236989,5,1,2825,Semi-Detached,2019,Etobicoke,9057,0,12.3,6
1818672,6,3,2056,Semi-Detached,1993,North York,7882,1,11.9,32
1806148,4,5,2060,Semi-Detached,1970,North York,9482,1,22.3,55
1925711,4,1,3129,Condo,1977,Scarborough,0,0,22.0,48
2200622,4,3,3031,Townhouse,2003,Etobicoke,8207,1,13.0,22
1895325,4,1,2599,Detached,2003,North York,1246,0,19.7,22
1790304,4,5,1119,Townhouse,2014,Brampton,9004,1,21.9,11
1948641,6,5,1472,Condo,1970,North York,0,0,17.7,55
2498194,6,2,3625,Semi-Detached,1962,Etobicoke,1420,2,13.4,63
1605221,3,4,1258,Condo,2006,Mississauga,0,0,18.0,19
1265764,2,1,1716,Townhouse,1998,Etobicoke,7508,1,6.7,27
1824598,4,1,2003,Detached,2003,Scarborough,2881,1,15.6,22
771809,1,3,449,Condo,1959,Mississauga,0,0,13.1,66
2763203,6,5,3111,Detached,2002,Brampton,9489,2,11.9,23
1670326,1,1,2978,Condo,1993,Downtown,0,0,1.2,32
1779852,1,5,3531,Detached,1996,Etobicoke,772,1,6.8,29
2084554,1,1,3638,Detached,2002,Scarborough,2273,2,11.1,23
1815618,3,2,3673,Semi-Detached,1995,Brampton,3047,1,22.2,30
2401605,6,4,3304,Detached,1962,Mississauga,3664,0,17.3,63
860504,1,1,545,Semi-Detached,1986,Brampton,5280,1,22.5,39
1692501,4,5,1314,Townhouse,1973,Etobicoke,1446,0,24.9,52
1948873,5,2,3440,Townhouse,1951,North York,1006,0,17.6,74
1284369,1,1,1862,Semi-Detached,1963,Etobicoke,7219,1,16.1,62
2292080,3,3,2689,Semi-Detached,1959,Downtown,8935,2,7.2,66
1531094,6,4,980,Condo,1984,Etobicoke,0,0,30.9,41
1654459,3,1,3134,Condo,1974,Mississauga,0,0,3.7,51
1140888,1,2,1984,Condo,1952,Mississauga,0,0,15.9,73
1559944,6,3,882,Townhouse,1966,Etobicoke,4090,0,21.7,59
2234551,5,2,3579,Condo,1961,Mississauga,0,0,21.8,64
1326437,1,2,1649,Detached,2003,North York,1964,2,5.8,22
1248203,3,3,1072,Detached,1973,Brampton,890,1,11.6,52
1038662,2,2,1030,Condo,1978,Etobicoke,0,0,8.6,47
2072852,4,3,3108,Detached,1992,North York,6606,0,0.0,33
1129317,3,1,1061,Townhouse,1974,Brampton,9364,1,16.0,51
2546569,6,3,3903,Detached,2009,Brampton,3060,1,9.3,16
1992404,1,3,3252,Townhouse,2014,North York,6367,1,27.0,11
2047378,4,4,2866,Semi-Detached,1977,Scarborough,1711,0,19.9,48
1359799,1,3,1387,Semi-Detached,1965,Etobicoke,9621,2,15.3,60
2354642,6,3,3926,Semi-Detached,1996,Brampton,2039,2,11.2,29
1943322,1,1,3631,Semi-Detached,2007,Brampton,9604,1,15.9,18
1381581,2,4,1946,Detached,1976,Mississauga,1143,0,13.0,49
1718121,4,5,1049,Condo,2002,Brampton,0,0,15.6,23
1520403,4,1,1368,Detached,1991,North York,9421,2,30.2,34
1954640,6,1,3037,Townhouse,2008,Brampton,1783,0,6.5,17
1472074,2,5,1500,Detached,1996,Scarborough,8180,2,13.7,29
2198707,3,3,2956,Detached,1983,Etobicoke,7845,2,20.7,42
944025,1,2,840,Townhouse,1986,Etobicoke,4886,0,11.8,39
2436207,5,4,3725,Semi-Detached,1955,Brampton,1419,0,27.6,70
1205919,1,2,1320,Semi-Detached,1956,Downtown,2839,1,20.4,69
1772329,1,5,1169,Semi-Detached,1974,Downtown,9447,1,9.2,51
1395091,3,1,1743,Condo,1982,North York,0,0,16.6,43
1729364,1,1,2226,Townhouse,2004,Downtown,5902,0,9.4,21
1200944,2,4,662,Townhouse,2007,North York,6163,0,8.6,18
1288034,2,1,1977,Detached,1956,Mississauga,5775,1,13.9,69
2189767,4,1,3845,Condo,2006,North York,0,0,25.1,19
2483920,6,4,3084,Semi-Detached,1961,Downtown,1936,2,21.0,64
2150703,5,4,3638,Condo,1965,Brampton,0,0,14.8,60
1680708,1,5,2906,Townhouse,1992,Mississauga,7854,0,21.2,33
1338418,1,1,1398,Townhouse,1956,Downtown,5016,1,17.1,69
2012415,3,1,3751,Detached,2000,North York,4122,1,5.6,25
1906647,6,5,1099,Detached,2022,Scarborough,4899,1,13.8,3
1615918,2,3,2749,Townhouse,1981,Etobicoke,5537,1,14.4,44
2305663,5,3,2003,Semi-Detached,1957,Downtown,8611,0,21.1,68
1766941,4,3,1641,Semi-Detached,2021,North York,4215,1,10.5,4
1453285,2,5,1525,Condo,1994,Mississauga,0,0,7.7,31
2425494,6,1,3001,Townhouse,2008,Downtown,1801,1,14.6,17
2174270,4,5,2735,Townhouse,1953,Downtown,7870,2,9.8,72
1751560,3,5,1590,Semi-Detached,2016,Etobicoke,5685,0,12.4,9
1868756,3,3,3068,Semi-Detached,1978,North York,2655,2,14.4,47
1312935,1,2,1405,Townhouse,1978,Scarborough,6911,1,11.9,47
1353294,6,1,435,Detached,1977,Mississauga,6865,1,22.7,48
1443841,5,3,1143,Townhouse,1993,North York,1192,1,26.3,32
1737385,4,2,2164,Townhouse,1953,Mississauga,1978,0,21.9,72
1305210,2,2,752,Semi-Detached,1958,Downtown,6896,2,0.8,67
2392347,6,4,2322,Semi-Detached,1954,Etobicoke,8948,0,9.9,71
1491746,6,1,472,Detached,2005,Etobicoke,941,0,13.6,20
1699550,3,2,3095,Detached,1999,Brampton,3146,1,0.2,26
1210693,1,3,1776,Condo,1964,Scarborough,0,0,8.0,61
1650241,1,4,2314,Townhouse,1981,Etobicoke,7033,1,13.5,44
1679819,4,1,1493,Semi-Detached,1977,Downtown,5177,0,11.4,48
2122660,3,5,2872,Detached,1971,Scarborough,7711,1,15.1,54
2470874,6,3,3446,Condo,1966,North York,0,0,4.0,59
1588416,5,2,1107,Condo,2008,Etobicoke,0,0,11.3,17
1789295,3,2,2204,Semi-Detached,2020,Scarborough,9816,2,16.2,5
2347494,4,3,3008,Semi-Detached,2006,Downtown,8433,2,15.1,19
1953433,4,2,3275,Condo,1975,Brampton,0,0,18.6,50
1420883,3,4,1355,Detached,1974,Mississauga,8428,0,18.1,51
1812827,4,1,2964,Condo,1959,Mississauga,0,0,11.7,66
2111352,3,4,2875,Townhouse,1994,Downtown,6589,0,16.0,31
1231456,2,2,559,Townhouse,1960,Downtown,7896,0,8.6,65
1957794,3,5,2596,Semi-Detached,2002,Mississauga,8297,1,12.8,23
1964224,3,1,3223,Detached,2021,Brampton,1361,0,6.6,4
2178155,4,1,3701,Detached,2017,Scarborough,8846,0,23.5,8
1808998,4,3,2135,Townhouse,1977,Mississauga,3994,1,12.8,48
1669829,1,3,1985,Condo,2014,Downtown,0,0,23.5,11
1131026,1,5,466,Semi-Detached,1998,Etobicoke,1769,1,17.5,27
1742058,2,1,3461,Condo,1996,North York,0,0,7.9,29
1687013,1,5,2828,Condo,2001,Brampton,0,0,17.0,24
1172460,3,3,457,Condo,2003,Brampton,0,0,21.5,22
2364560,4,3,3730,Detached,2009,Etobicoke,9438,2,14.4,16
937519,1,1,741,Townhouse,2006,Etobicoke,2225,1,15.6,19
1574712,1,4,1553,Detached,1996,Downtown,8962,2,10.6,29
1889180,2,2,3174,Townhouse,1980,Mississauga,6311,1,15.2,45
1997548,6,3,1595,Semi-Detached,1995,Scarborough,6106,1,16.9,30
1889454,2,3,3217,Semi-Detached,1975,Brampton,4456,2,10.4,50
1878443,3,4,3061,Condo,1954,Brampton,0,0,6.4,71
2071748,4,4,1632,Townhouse,2001,Etobicoke,8965,2,25.3,24
1818204,2,5,2801,Townhouse,2003,Mississauga,2806,1,19.8,22
1723063,1,5,1894,Townhouse,1982,Brampton,9850,0,10.6,43
1518497,4,2,2221,Condo,1999,Scarborough,0,0,16.8,26
1211441,4,2,515,Condo,1987,Etobicoke,0,0,3.2,38
2003935,1,1,3735,Semi-Detached,1976,Scarborough,9901,1,0.0,49
1462866,2,5,1061,Detached,1964,Mississauga,5175,2,23.7,61
1598000,1,3,1865,Townhouse,2010,Brampton,9582,0,16.8,15
2416188,6,5,2900,Townhouse,1970,North York,7248,2,14.6,55
1833352,4,3,2268,Detached,1995,Brampton,6603,1,16.9,30
2388952,5,4,3948,Townhouse,2018,Mississauga,1973,1,40.0,7
2095904,5,5,2734,Condo,1955,Brampton,0,0,22.0,70
2134712,3,4,3774,Condo,1987,Brampton,0,0,6.6,38
1589541,1,2,1416,Townhouse,2011,Downtown,3596,0,1.6,14
895311,1,2,710,Condo,2011,Brampton,0,0,23.4,14
830385,3,1,607,Condo,1995,Brampton,0,0,21.8,30
2041806,3,5,3065,Townhouse,1962,Scarborough,6482,0,19.6,63
2055920,3,4,2893,Semi-Detached,1952,North York,6298,0,8.5,73
2064800,4,3,3117,Detached,1955,Scarborough,8915,2,17.9,70
1395531,6,2,1032,Condo,1957,Scarborough,0,0,9.2,68
1680970,1,2,2502,Semi-Detached,1993,Etobicoke,8956,0,20.3,32
2270352,4,3,3359,Condo,1982,Downtown,0,0,22.9,43
2048387,3,4,3483,Condo,1999,Scarborough,0,0,10.7,26
1183392,1,4,1056,Detached,1960,Mississauga,7059,1,24.1,65
1749117,4,5,1823,Condo,1977,Mississauga,0,0,15.9,48
2233192,6,5,2331,Detached,2019,Brampton,3274,2,18.9,6
2143592,4,1,3427,Detached,1990,Etobicoke,6173,1,4.5,35
2148934,6,2,2962,Detached,1965,Downtown,3624,2,16.9,60
2480553,3,5,2079,Semi-Detached,2017,Downtown,9171,2,9.6,8
1517728,6,4,636,Townhouse,1997,Brampton,1853,2,18.8,28
2184420,1,3,3750,Semi-Detached,2005,Mississauga,9581,2,26.7,20
1506310,3,4,747,Townhouse,2013,North York,4354,2,17.3,12
1949345,1,2,3074,Townhouse,2008,Etobicoke,8634,0,7.8,17
2309745,5,4,3575,Detached,2011,Brampton,1424,1,20.0,14
1034111,2,1,1029,Condo,1960,Etobicoke,0,0,18.2,65
1759566,6,2,1940,Detached,1967,Mississauga,6006,2,31.5,58
1617056,2,3,2403,Condo,1968,Mississauga,0,0,17.0,57
1561671,2,1,1671,Townhouse,2004,North York,8720,0,10.3,21
1505657,6,2,763,Detached,1975,North York,8726,0,21.2,50
2075750,3,3,2768,Condo,1955,Downtown,0,0,14.0,70
1208172,5,1,685,Semi-Detached,1953,Etobicoke,3170,0,15.6,72
680388,1,1,548,Condo,1978,Etobicoke,0,0,7.6,47
1648474,4,2,1507,Detached,2008,Mississauga,1088,0,14.0,17
2064812,1,5,2853,Semi-Detached,1966,Downtown,3638,0,15.2,59
1836234,4,1,3425,Condo,1992,Brampton,0,0,14.0,33
895949,1,1,855,Condo,2015,Etobicoke,0,0,10.3,10
2002059,6,3,2166,Condo,1983,Downtown,0,0,17.3,42
1929140,5,4,1199,Condo,1957,Downtown,0,0,7.6,68
1274740,4,2,1584,Condo,1962,Mississauga,0,0,5.7,63
1583088,3,2,1412,Semi-Detached,1957,Downtown,6519,2,20.7,68
2063846,1,5,3231,Townhouse,2014,North York,1056,1,19.9,11
1909102,1,5,2907,Semi-Detached,1992,North York,8522,0,4.5,33
1676285,4,2,1923,Semi-Detached,1988,Scarborough,5952,2,0.4,37
2150757,3,5,3185,Semi-Detached,2008,Mississauga,4067,2,6.9,17
1718420,3,3,2956,Townhouse,1993,Brampton,4399,0,14.0,32
1496363,6,2,880,Detached,1958,Scarborough,6977,1,24.2,67
2339941,6,5,2086,Townhouse,1986,North York,8000,0,13.8,39
1816269,6,2,2561,Semi-Detached,1985,Scarborough,1516,1,8.8,40
2322520,6,4,3196,Condo,1977,Mississauga,0,0,16.2,48
1709018,6,1,2001,Condo,1991,Mississauga,0,0,14.1,34
2530636,6,2,2808,Semi-Detached,1992,Downtown,9530,0,4.0,33
1289555,5,1,740,Condo,1991,Etobicoke,0,0,4.0,34
2442513,3,5,3217,Semi-Detached,2015,Downtown,3996,1,4.2,10
1816876,6,1,2410,Condo,2004,Mississauga,0,0,34.8,21
2153798,3,2,3208,Townhouse,2021,North York,6756,2,21.9,4
1935636,3,4,3416,Detached,1997,Brampton,2813,0,10.3,28
1987383,2,5,2896,Detached,1971,North York,1731,1,23.9,54
2132873,5,2,2266,Townhouse,1976,Downtown,6331,1,10.5,49
2101297,6,5,1234,Townhouse,2016,Brampton,3499,1,23.6,9
1131661,1,3,1603,Semi-Detached,1962,Mississauga,3940,0,15.6,63
1780067,4,1,2125,Semi-Detached,1994,North York,4556,2,9.7,31
1797026,1,3,3878,Semi-Detached,1959,Mississauga,805,1,20.4,66
1623672,5,2,2089,Condo,1958,Brampton,0,0,16.1,67
2443081,4,4,3667,Semi-Detached,2003,Brampton,4417,1,18.2,22
2764504,5,5,3937,Townhouse,1976,North York,7580,1,16.7,49
1141733,3,1,710,Detached,1983,Mississauga,9111,2,16.6,42
1495126,4,5,661,Condo,1950,Scarborough,0,0,21.4,75
1577367,3,2,1842,Semi-Detached,1981,Mississauga,4362,1,35.7,44
1260470,1,5,805,Condo,2020,Brampton,0,0,25.0,5
1309391,1,1,2590,Condo,2016,Mississauga,0,0,16.8,9
1723450,4,2,741,Semi-Detached,1969,Downtown,9856,2,12.5,56
1792270,4,5,1739,Condo,1984,Scarborough,0,0,13.4,41
2217456,6,4,3572,Detached,1966,Etobicoke,1842,0,5.0,59
1478150,5,2,643,Townhouse,1967,Downtown,6060,2,20.3,58
1372269,6,2,889,Townhouse,1994,Etobicoke,2726,1,6.9,31
1377950,5,4,411,Detached,2002,North York,1579,2,12.0,23
2596815,6,3,3710,Condo,2017,Etobicoke,0,0,20.4,8
1412026,3,1,960,Semi-Detached,2014,Mississauga,6780,2,13.1,11
1143107,4,3,441,Condo,1950,Etobicoke,0,0,11.1,75
2021353,1,5,3125,Detached,2007,Brampton,1313,2,5.4,18
1856813,5,4,993,Condo,1975,Downtown,0,0,24.6,50
1836660,5,3,1852,Townhouse,1969,Downtown,2531,0,8.3,56
1412278,1,2,2226,Condo,1959,Etobicoke,0,0,10.3,66
3171121,6,5,3629,Detached,2008,Downtown,9595,1,0.7,17
2534048,5,5,3687,Townhouse,1990,Brampton,6411,2,14.8,35
1697919,3,3,2093,Condo,1954,Downtown,0,0,12.3,71
2455263,4,3,3933,Condo,2014,Etobicoke,0,0,16.5,11
1067755,1,4,533,Townhouse,1966,Scarborough,8376,2,5.6,59
2094506,4,1,3538,Semi-Detached,1971,Scarborough,1641,1,20.9,54
2257626,5,3,3478,Townhouse,1990,North York,9541,0,0.3,35
2287761,5,3,1347,Semi-Detached,2017,Downtown,9058,2,14.3,8
2065867,1,2,3997,Detached,2018,Etobicoke,3397,1,15.9,7
1497050,3,5,472,Detached,1960,Downtown,9781,0,15.5,65
1124035,2,1,798,Townhouse,2005,Mississauga,4541,2,16.3,20
1118715,1,2,1828,Townhouse,2000,Brampton,2538,0,21.3,25
2209592,2,4,3025,Detached,1970,Downtown,4770,0,25.6,55
2838453,6,4,3306,Semi-Detached,1975,Downtown,5183,0,13.8,50
1080808,2,3,529,Detached,1968,Scarborough,994,1,7.3,57
2052793,3,3,3378,Townhouse,2009,Brampton,7616,2,19.5,16
2871123,6,4,3937,Detached,2020,Etobicoke,2284,2,12.8,5
2315386,2,3,3677,Townhouse,1996,Downtown,4010,1,25.1,29
2170497,6,1,2211,Townhouse,2020,Scarborough,4286,2,10.2,5
1513157,2,3,2401,Detached,1975,North York,5766,0,8.1,50
1452498,3,5,665,Semi-Detached,1989,Brampton,9690,2,16.2,36
1502636,2,2,2385,Detached,1970,Scarborough,7181,0,11.3,55
995932,2,1,1192,Condo,1953,Scarborough,0,0,12.4,72
1742080,1,2,2700,Detached,1972,Downtown,5158,0,16.8,53
1952701,1,2,3269,Condo,1964,Downtown,0,0,7.0,61
1711327,1,5,1712,Semi-Detached,1957,North York,7369,2,8.0,68
1083163,3,1,563,Semi-Detached,1990,Mississauga,8107,0,24.3,35
1328076,6,1,494,Detached,1968,Mississauga,8169,1,14.9,57
1674255,5,1,2205,Townhouse,1995,Mississauga,6719,2,21.9,30
1764151,2,1,3280,Condo,1977,Brampton,0,0,10.7,48
1450774,2,1,1533,Townhouse,2017,Brampton,6479,0,14.6,8
2297694,3,5,2783,Townhouse,1964,North York,9390,1,16.7,61
1265960,2,3,1221,Townhouse,1986,Brampton,1812,1,29.0,39
830362,1,2,637,Semi-Detached,1950,Mississauga,3462,0,13.3,75
2190072,5,1,2828,Detached,2016,Mississauga,3438,2,13.7,9
2249248,4,3,3907,Detached,1973,Scarborough,3697,1,23.8,52
1829076,2,3,3346,Semi-Detached,1976,Brampton,5796,0,12.0,49
2017259,1,2,2930,Semi-Detached,1989,Downtown,7704,2,17.3,36
2249434,4,5,2360,Detached,2012,Downtown,6230,2,23.1,13
2253985,5,4,3349,Townhouse,2010,Scarborough,626,2,10.4,15
1518428,4,4,1448,Condo,1985,Scarborough,0,0,17.7,40
1333146,1,3,2076,Condo,1973,Scarborough,0,0,29.0,52
2618398,6,2,3588,Condo,1973,Downtown,0,0,22.4,52
2041077,6,4,2929,Townhouse,1953,Mississauga,1866,2,17.3,72
2419373,4,3,3863,Detached,2016,Scarborough,9711,1,13.2,9
2066499,3,5,3364,Semi-Detached,1983,North York,6953,0,10.2,42
2272976,4,4,3441,Detached,2006,Scarborough,7171,1,7.1,19
1277853,2,3,1363,Townhouse,1998,Etobicoke,7183,1,27.1,27
1400553,2,3,936,Semi-Detached,2002,Scarborough,5039,2,25.5,23
2512661,6,1,3550,Townhouse,1972,Downtown,9376,1,9.7,53
1882780,3,5,2003,Condo,2018,Brampton,0,0,17.7,7
2015805,1,1,3644,Condo,2002,Scarborough,0,0,15.9,23
1661508,2,2,2379,Townhouse,2011,Brampton,2761,0,24.5,14
2050890,6,1,3483,Semi-Detached,1990,Etobicoke,4680,2,18.1,35
1246206,5,1,527,Semi-Detached,2006,North York,3341,2,14.8,19
1816444,6,4,491,Detached,2009,Brampton,6540,1,10.7,16
1169757,2,3,942,Condo,2003,Mississauga,0,0,17.7,22
1734310,2,5,1245,Detached,2019,Scarborough,5258,2,12.2,6
2048100,6,1,2081,Detached,2006,Etobicoke,1126,1,16.8,19
2231946,1,5,3436,Townhouse,1959,Etobicoke,5514,2,14.4,66
1719748,4,1,2251,Townhouse,1989,Brampton,1875,2,12.0,36
1710371,2,2,2894,Detached,1956,North York,1681,2,7.2,69
1463634,6,1,789,Condo,1987,Downtown,0,0,19.1,38
2751763,6,4,3119,Townhouse,2010,Scarborough,990,2,15.3,15
1751227,3,3,2284,Detached,1952,Etobicoke,4229,2,29.3,73
1124704,4,2,442,Detached,2000,North York,6474,1,6.7,25
1277033,5,1,653,Detached,1996,Mississauga,4034,2,20.0,29
2265800,1,5,3601,Detached,2017,Etobicoke,3796,0,14.3,8
1687480,5,2,1483,Detached,1987,North York,2440,1,31.8,38
2260476,4,2,3110,Detached,1985,Downtown,5514,0,19.4,40
1975348,4,1,2914,Townhouse,1990,Downtown,2382,2,17.6,35
2128788,4,2,2734,Condo,2018,Etobicoke,0,0,14.4,7
2568252,5,5,3458,Detached,1962,Etobicoke,3487,2,9.4,63
1838639,4,2,1940,Semi-Detached,2007,Brampton,6085,2,17.5,18
2539847,6,5,3938,Townhouse,1999,Scarborough,3659,1,3.9,26
1755936,5,1,2353,Townhouse,1979,North York,5030,1,4.3,46
2332039,4,3,3225,Detached,2011,Etobicoke,1181,2,23.1,14
1940970,6,2,2792,Townhouse,1974,Scarborough,5754,1,0.9,51
1159450,3,3,1041,Detached,1976,Brampton,1573,0,12.4,49
2110274,4,5,2829,Condo,2000,Scarborough,0,0,6.6,25
1508318,5,2,1089,Condo,2006,Etobicoke,0,0,11.8,19
1666421,2,4,1676,Townhouse,1996,Downtown,4840,0,16.5,29
1677427,4,3,2350,Townhouse,1988,North York,2656,1,22.9,37
1386702,2,2,1479,Semi-Detached,1965,North York,8466,2,24.7,60
2163513,6,3,1886,Townhouse,1971,Downtown,3080,0,7.6,54
1345947,3,2,856,Semi-Detached,2003,Etobicoke,7757,2,11.3,22
891708,1,1,1382,Condo,1970,North York,0,0,40.0,55
1914827,3,3,2530,Condo,2021,Etobicoke,0,0,13.0,4
1739353,4,4,1522,Detached,1965,Brampton,2127,2,7.9,60
1195855,2,4,548,Condo,2008,Etobicoke,0,0,9.3,17
1563566,2,5,1752,Semi-Detached,1980,Scarborough,7580,2,13.0,45
1729100,5,2,1579,Townhouse,1991,Downtown,2485,1,11.9,34
1268330,2,3,589,Detached,1981,Etobicoke,8988,0,13.1,44
2602505,5,5,3965,Semi-Detached,2008,Brampton,2681,2,14.8,17
1691178,6,3,1282,Townhouse,1983,Mississauga,2796,2,14.8,42
1780924,1,2,2710,Detached,1958,Downtown,7664,0,7.4,67
2038778,4,4,3551,Condo,1960,North York,0,0,18.0,65
1363122,5,1,799,Semi-Detached,1959,Scarborough,1401,2,16.0,66
1986508,1,4,3211,Townhouse,1966,North York,6560,0,19.0,59
1616548,2,5,1008,Detached,2017,Brampton,9790,1,1.3,8
1693562,2,1,3731,Detached,1997,Brampton,2177,0,16.3,28
1551179,1,5,2195,Condo,2001,North York,0,0,0.0,24
1750097,2,2,2038,Townhouse,1974,Downtown,6122,2,13.6,51
1685401,6,1,1975,Condo,1970,North York,0,0,20.3,55
2418325,6,5,3232,Condo,2014,Etobicoke,0,0,23.4,11
1467840,1,2,2548,Townhouse,2012,North York,1748,1,17.7,13
1720147,5,4,1782,Townhouse,2000,Scarborough,6150,1,20.4,25
1914208,5,2,1803,Townhouse,1985,Scarborough,6579,1,12.6,40
1462379,1,3,1219,Semi-Detached,2015,Mississauga,9956,2,10.9,10
2503136,5,2,3692,Townhouse,1964,Scarborough,7536,0,36.5,61
1498135,5,2,1219,Detached,1988,North York,6987,2,21.6,37
1766788,6,3,819,Condo,2019,Scarborough,0,0,5.6,6
1562587,5,5,523,Semi-Detached,1950,Downtown,2548,0,1.1,75
1496312,3,5,821,Townhouse,1972,Scarborough,6615,2,11.3,53
2319014,4,2,3702,Semi-Detached,1988,Etobicoke,4748,1,24.5,37
2301949,2,3,3534,Townhouse,2006,Downtown,2976,1,15.4,19
1526164,3,3,1908,Semi-Detached,1983,Mississauga,5103,0,0.0,42
1665313,5,4,1997,Condo,1990,Etobicoke,0,0,13.6,35
1754500,6,5,1167,Condo,2022,North York,0,0,15.0,3
1468865,1,1,2444,Detached,1962,North York,5318,1,0.0,63
2611822,5,5,2930,Detached,2019,North York,7692,0,15.2,6
2498563,6,5,2966,Townhouse,1955,Etobicoke,5123,0,6.9,70
2092111,4,4,2602,Condo,2001,Etobicoke,0,0,0.3,24
1913255,5,1,2539,Semi-Detached,1952,Etobicoke,6118,0,27.8,73
2171678,1,4,3429,Semi-Detached,2012,Downtown,7709,1,6.5,13
1614248,6,1,1949,Semi-Detached,1998,Brampton,5076,1,9.7,27
2509918,6,2,2902,Detached,1996,Downtown,2371,1,9.6,29
1908116,6,1,2164,Semi-Detached,2004,North York,8415,1,15.0,21
2113732,4,4,2444,Detached,2013,Brampton,1962,2,29.1,12
2401420,5,5,3045,Detached,2014,Scarborough,6021,2,5.4,11
1505743,4,1,909,Townhouse,2016,North York,9036,0,12.5,9
1334316,2,1,1606,Semi-Detached,1964,Mississauga,8736,0,16.0,61
1350913,2,3,785,Semi-Detached,1981,Downtown,8313,0,8.0,44
1966529,5,5,1997,Condo,2017,Etobicoke,0,0,12.4,8
2217231,4,2,2852,Townhouse,1967,Downtown,6253,1,19.8,58
1572553,1,4,2693,Condo,1992,Etobicoke,0,0,9.0,33
1514104,6,2,1141,Townhouse,1984,Brampton,7516,1,12.3,41
2738219,6,5,3108,Semi-Detached,2007,Mississauga,6691,0,11.5,18
1763344,5,1,3097,Detached,1982,Brampton,2014,0,14.2,43
2002539,2,1,3942,Detached,1963,Mississauga,3098,0,16.9,62
1903889,2,5,2311,Detached,1983,Downtown,1501,0,19.7,42
1678630,6,1,1846,Detached,2010,Etobicoke,1533,0,30.5,15
1540541,5,1,1300,Detached,1953,Brampton,7399,1,0.0,72
1743115,4,1,2512,Condo,2008,Mississauga,0,0,13.7,17
1992364,2,4,3484,Townhouse,1978,North York,5551,1,4.1,47
2005954,4,4,2660,Semi-Detached,1955,North York,4976,2,11.9,70
1437294,2,3,2409,Condo,1998,Brampton,0,0,22.0,27
936029,2,2,641,Townhouse,1989,Etobicoke,1015,1,24.6,36
2025423,3,5,2940,Detached,2014,Brampton,1691,2,25.0,11
2610489,2,5,3684,Townhouse,2018,Downtown,6797,2,24.9,7
1630462,1,5,2785,Townhouse,1976,Mississauga,771,2,13.6,49
2330140,5,3,2420,Detached,1955,Downtown,8834,1,26.2,70
1593689,5,4,572,Detached,1962,North York,8278,0,27.8,63
1556662,4,3,1071,Detached,2013,Mississauga,6508,0,16.1,12
1470467,2,5,563,Semi-Detached,2011,Brampton,8487,1,24.4,14
1266794,1,2,864,Detached,1968,Downtown,3832,0,15.3,57
1984502,4,1,3442,Semi-Detached,1992,Scarborough,1287,1,26.3,33
1436618,3,4,896,Detached,1969,Etobicoke,6722,0,13.7,56
1564108,4,4,1099,Semi-Detached,2017,Etobicoke,1122,2,10.1,8
2119557,4,3,2842,Townhouse,1993,Scarborough,4341,0,6.0,32
1113497,2,4,1102,Condo,1972,North York,0,0,13.6,53
1753681,3,5,2340,Townhouse,1951,Mississauga,3072,1,15.7,74
2286939,4,5,2755,Townhouse,1971,Etobicoke,7415,2,7.4,54
1512519,1,3,2191,Detached,2006,Scarborough,5533,1,13.0,19
1185141,1,5,582,Semi-Detached,2021,Brampton,8288,0,10.8,4
1382657,5,2,1028,Condo,1956,Scarborough,0,0,6.4,69
2163197,3,3,2957,Detached,2005,North York,5212,2,23.3,20
1749330,3,2,2131,Detached,2016,North York,566,1,24.7,9
1762894,5,1,945,Detached,1965,Downtown,8033,2,23.3,60
1525968,4,2,1987,Townhouse,2000,Etobicoke,5116,0,14.3,25
1340052,3,1,1023,Semi-Detached,2021,Downtown,1640,2,14.8,4
1056091,1,1,993,Semi-Detached,1961,Scarborough,6230,1,6.5,64
995991,1,2,1143,Condo,2002,Mississauga,0,0,18.3,23
2154943,2,3,3698,Semi-Detached,1954,Mississauga,9879,1,16.4,71
1715883,3,5,2168,Semi-Detached,1976,North York,4971,1,37.8,49
1748585,4,5,1859,Detached,1961,Mississauga,3839,0,23.7,64
1651820,5,1,2348,Detached,1966,Mississauga,1048,0,17.5,59
2294793,5,1,3893,Townhouse,1955,Mississauga,8175,0,14.7,70
2126165,4,3,3001,Detached,1954,Scarborough,8764,1,23.0,71
2241466,6,4,2468,Detached,2006,Mississauga,698,2,7.7,19
1586799,2,2,3001,Detached,1977,Brampton,1071,1,24.1,48
1811851,5,1,2844,Detached,2018,Mississauga,1290,0,6.3,7
1996202,3,5,3072,Townhouse,2008,Mississauga,1674,0,10.5,17
1213472,2,3,504,Detached,1982,Downtown,678,2,0.3,43
1753786,3,2,2639,Condo,2011,Scarborough,0,0,19.9,14
852542,1,3,416,Condo,1999,North York,0,0,17.0,26
1948169,2,2,3591,Condo,1968,Downtown,0,0,10.5,57
1469589,5,2,792,Condo,2018,Etobicoke,0,0,7.6,7
1137566,2,1,824,Detached,2015,Scarborough,1298,1,26.0,10
1485536,2,3,2576,Condo,1996,Brampton,0,0,13.9,29
2003791,2,3,3601,Detached,1988,Scarborough,9479,2,8.9,37
1753068,6,5,971,Townhouse,2017,Etobicoke,3295,0,30.4,8
1757740,2,5,2476,Condo,1982,Etobicoke,0,0,9.7,43
1371366,3,1,1520,Semi-Detached,1962,Etobicoke,7797,0,24.1,63
1670086,1,1,3481,Condo,2003,North York,0,0,5.8,22
1280348,4,4,641,Condo,1956,Mississauga,0,0,12.2,69
1702534,2,5,2679,Detached,1963,Scarborough,1629,1,19.0,62
1371130,5,2,1188,Condo,1968,Mississauga,0,0,14.5,57
2212256,2,3,3755,Semi-Detached,2003,Mississauga,3433,2,17.0,22
1525609,5,1,1114,Detached,1969,Brampton,9907,0,10.7,56
1341680,3,3,1158,Detached,1978,Etobicoke,9016,1,2.2,47
2382711,5,3,3249,Townhouse,1973,North York,5574,0,26.7,52
1805157,4,4,1175,Townhouse,2012,Brampton,7599,2,11.2,13
2103005,1,5,3173,Condo,2006,Downtown,0,0,17.3,19
1701912,5,1,2647,Townhouse,1957,North York,1393,1,20.6,68
2347134,5,3,3392,Townhouse,2011,Mississauga,1890,2,17.5,14
846747,1,1,478,Townhouse,1978,North York,3889,0,9.3,47
2207364,4,2,3403,Detached,1966,Etobicoke,4739,0,24.3,59
1730782,2,4,1255,Detached,2015,Downtown,4979,0,19.1,10
2399992,5,2,3644,Detached,1955,Etobicoke,2763,2,16.6,70
1705544,1,1,2914,Townhouse,2007,Downtown,3932,0,16.4,18
1681787,3,1,3028,Detached,2018,Brampton,2871,0,28.5,7
1594257,1,5,1839,Townhouse,1977,Mississauga,4812,0,9.2,48
2548523,3,3,3387,Detached,2011,Downtown,2015,1,18.3,14
2247937,4,3,2896,Detached,1990,Downtown,6826,2,10.8,35
2178125,2,2,2534,Semi-Detached,2018,Downtown,7588,2,0.0,7
1706960,1,4,2548,Condo,1990,North York,0,0,0.0,35
1784749,6,3,1431,Townhouse,1998,Brampton,3417,1,6.9,27
1936951,5,5,1244,Semi-Detached,1998,North York,6231,2,9.7,27
2509467,4,2,3671,Detached,2020,Mississauga,8186,1,32.4,5
1957044,1,2,3976,Townhouse,1952,Downtown,1667,1,20.6,73
1692705,5,5,486,Detached,1959,Brampton,8802,2,21.3,66
1405715,1,4,2490,Condo,1984,Brampton,0,0,9.9,41
2511166,3,5,3856,Semi-Detached,1951,Scarborough,4827,0,15.5,74
1905906,1,4,3906,Condo,1973,Mississauga,0,0,33.4,52
1750025,6,5,807,Semi-Detached,1987,Brampton,4155,2,5.3,38
2365753,1,5,3954,Detached,1971,Downtown,4293,1,18.6,54
1569582,1,1,3111,Condo,1975,Downtown,0,0,27.9,50
2056561,6,2,3488,Condo,1992,Brampton,0,0,22.7,33
2428964,4,5,2068,Detached,2004,North York,9988,2,29.4,21
1080238,1,5,547,Condo,1988,Mississauga,0,0,16.7,37
2348039,6,3,2724,Townhouse,1978,Downtown,9664,0,19.8,47
1384956,5,2,631,Semi-Detached,1969,Brampton,1530,2,15.9,56
2131613,3,3,2350,Semi-Detached,1990,Downtown,7191,1,19.3,35
1249414,3,2,765,Semi-Detached,2003,Brampton,4492,0,7.7,22
1664373,1,3,3699,Townhouse,1969,Mississauga,1413,1,21.3,56
2078865,4,5,2074,Semi-Detached,1968,Brampton,6858,2,17.4,57
1680755,4,5,835,Detached,2015,Scarborough,2681,2,15.5,10
1250210,5,1,798,Condo,1979,Brampton,0,0,29.0,46
1549672,1,3,1634,Townhouse,2002,Brampton,6540,2,12.9,23
1635569,3,4,1814,Semi-Detached,1983,Mississauga,1962,0,24.7,42
1954035,4,1,2946,Detached,1971,Brampton,7537,1,25.5,54
1656114,1,3,2987,Condo,2016,Mississauga,0,0,21.8,9
1270556,4,3,962,Condo,1955,Scarborough,0,0,7.3,70
2338089,6,1,3962,Townhouse,1976,Mississauga,9881,1,17.9,49
2131527,4,5,2889,Townhouse,1959,Downtown,5808,0,30.7,66
1679931,3,3,1684,Townhouse,2022,Mississauga,6721,0,0.5,3
1578781,2,5,1172,Detached,1997,Scarborough,7590,2,13.5,28
2335238,5,1,2797,Detached,2019,Etobicoke,8269,1,24.3,6
2018889,5,5,2437,Townhouse,2008,Brampton,1187,0,14.1,17
2284823,3,2,3823,Semi-Detached,2008,Mississauga,5161,1,21.5,17
1749197,4,4,2967,Condo,1951,Brampton,0,0,26.3,74
1146843,1,3,1743,Condo,1978,North York,0,0,16.9,47
2259645,4,4,2585,Detached,2017,Downtown,7889,2,19.1,8
2146197,3,5,1973,Condo,2014,Downtown,0,0,15.7,11
1538081,5,3,1391,Semi-Detached,1975,North York,6822,0,17.4,50
2106925,4,5,2815,Condo,1959,North York,0,0,31.8,66
2321588,5,2,3691,Detached,2002,Mississauga,4297,2,14.5,23
2197010,1,1,3808,Detached,2008,North York,5678,2,12.2,17
1857647,5,3,1646,Semi-Detached,1971,Etobicoke,4468,2,23.3,54
1410325,5,2,759,Semi-Detached,2000,Brampton,3216,0,8.3,25
1180120,2,2,1320,Condo,1997,Brampton,0,0,10.1,28
1801474,2,3,2776,Condo,1970,Scarborough,0,0,10.1,55
2755808,6,5,3409,Detached,1971,North York,8681,0,13.0,54
1745557,2,2,2910,Semi-Detached,1979,North York,878,2,13.3,46
2152503,5,4,3393,Semi-Detached,1974,Etobicoke,4329,0,20.6,51
1561493,3,2,1362,Semi-Detached,1977,Downtown,6880,2,12.3,48
2221965,5,5,2227,Condo,2014,Downtown,0,0,20.9,11
2324683,3,5,3853,Semi-Detached,1994,Brampton,2830,2,21.9,31
2215072,3,4,3283,Detached,2017,Brampton,2254,2,9.8,8
1420301,2,2,2013,Detached,1956,Mississauga,963,0,21.7,69
1948785,4,5,2040,Condo,1998,Etobicoke,0,0,22.5,27
1574597,1,3,2616,Townhouse,1958,Scarborough,4767,0,0.9,67
860892,2,1,616,Condo,1985,Scarborough,0,0,17.3,40
1083994,2,1,777,Townhouse,1950,Etobicoke,4124,0,10.9,75
1088180,4,1,518,Semi-Detached,1959,Scarborough,5438,0,25.4,66
1086739,1,2,589,Condo,1985,Downtown,0,0,10.9,40
2410533,5,4,3214,Detached,2022,Scarborough,6504,2,4.3,3
1899854,6,5,769,Semi-Detached,1995,Scarborough,9381,2,14.8,30
1946472,6,3,2201,Detached,1981,Etobicoke,6103,2,7.8,44
2129847,5,3,2596,Semi-Detached,1981,Etobicoke,2712,1,21.8,44
1078398,2,2,1051,Condo,1955,Scarborough,0,0,8.5,70
1317647,1,1,2282,Townhouse,1997,North York,6318,1,14.9,28
1285916,2,2,1911,Semi-Detached,1987,Etobicoke,882,1,27.4,38
1374127,3,4,1169,Townhouse,1966,Mississauga,2756,1,23.8,59
1938366,2,4,2821,Semi-Detached,1976,Mississauga,1912,2,18.8,49
1933768,2,5,1180,Detached,2003,Downtown,6646,1,14.0,22
1962620,5,5,2116,Detached,1999,Scarborough,871,2,18.1,26
2078497,5,4,2607,Semi-Detached,1984,North York,6306,2,20.5,41
2383961,5,4,2798,Townhouse,1974,Downtown,6065,0,7.1,51
1903370,6,4,1711,Condo,1977,Scarborough,0,0,21.8,48
2090005,3,2,3759,Condo,1964,Etobicoke,0,0,6.2,61
2248692,5,4,3339,Detached,1953,Mississauga,7937,1,19.6,72
1343581,1,3,1649,Condo,2022,Brampton,0,0,6.1,3
1453898,6,1,922,Detached,1976,North York,1891,1,30.7,49
1448084,4,4,921,Condo,1975,Brampton,0,0,21.1,50
1073596,1,1,1182,Semi-Detached,1968,Mississauga,3439,2,2.6,57
1655977,1,2,2720,Detached,1966,Brampton,6469,1,15.0,59
1661875,5,1,1335,Detached,1992,Etobicoke,9765,1,10.8,33
2156109,4,2,3873,Semi-Detached,1990,Scarborough,5313,2,9.9,35
2069294,4,3,2630,Detached,1991,Etobicoke,4069,2,16.2,34
1701369,6,2,2088,Condo,1999,Brampton,0,0,7.6,26
1160704,4,2,887,Condo,1989,Etobicoke,0,0,21.1,36
1795691,3,5,2250,Detached,1988,Mississauga,6914,0,20.6,37
1679218,5,4,1245,Condo,1972,North York,0,0,17.8,53
2089439,4,4,2571,Townhouse,2001,Etobicoke,7447,2,14.8,24
2392298,6,3,3432,Detached,1996,Mississauga,8443,2,20.3,29
2205573,3,3,3237,Semi-Detached,2012,North York,4162,2,21.3,13
1863438,2,4,2861,Townhouse,2018,Scarborough,4982,1,18.6,7
1645239,2,5,2403,Detached,1992,Brampton,5297,0,4.5,33
1891803,3,4,2148,Semi-Detached,1997,Scarborough,5568,1,8.7,28
2844390,6,5,3643,Condo,1983,Downtown,0,0,12.9,42
2121467,3,3,3759,Semi-Detached,1989,Mississauga,8533,2,3.2,36
2570426,5,1,3906,Townhouse,2010,North York,1483,0,16.8,15
1529344,5,3,1085,Condo,1999,Etobicoke,0,0,26.3,26
1940763,2,3,2560,Detached,2016,Scarborough,9043,2,25.0,9
2252143,4,2,3335,Condo,2011,North York,0,0,20.9,14
2322061,6,2,2569,Detached,2007,Mississauga,2407,1,20.8,18
1714395,2,2,1967,Detached,1982,Downtown,7424,2,32.7,43
1590045,4,2,1645,Semi-Detached,1965,Scarborough,9716,2,21.8,60
1568483,4,5,438,Semi-Detached,1997,Brampton,9237,0,22.4,28
2242258,5,4,2944,Semi-Detached,1959,North York,4674,1,3.5,66
1022645,1,1,1179,Townhouse,1987,Brampton,9580,2,25.7,38
1437699,1,3,1656,Townhouse,1968,North York,7765,2,18.2,57
2288205,3,5,3390,Semi-Detached,1985,North York,9797,0,14.4,40
2060809,5,1,2596,Townhouse,2008,Mississauga,2490,0,12.4,17
2529373,4,5,3868,Condo,2012,Mississauga,0,0,10.6,13
2249890,6,5,3469,Condo,1995,Mississauga,0,0,25.1,30
1845531,1,3,3108,Townhouse,1952,Etobicoke,4275,2,14.8,73
2208799,4,4,2327,Townhouse,2014,North York,9612,1,10.9,11
814367,1,2,701,Condo,1957,Scarborough,0,0,8.8,68
1999537,1,4,3831,Detached,2000,Brampton,2561,1,16.4,25
1733277,1,3,2685,Condo,2022,Mississauga,0,0,12.1,3
1348427,6,3,1046,Condo,1955,Mississauga,0,0,10.3,70
1535643,5,3,1062,Townhouse,1988,Brampton,3144,2,3.9,37
1952336,6,1,2683,Condo,2009,Brampton,0,0,22.7,16
1664705,2,4,2159,Townhouse,1977,North York,8451,1,13.9,48
2141466,4,4,2650,Townhouse,2003,Mississauga,6949,1,6.3,22
1476933,5,5,655,Semi-Detached,1986,Brampton,3181,2,12.8,39
1678695,5,5,997,Condo,1958,Etobicoke,0,0,19.4,67
1831602,5,5,1061,Detached,2005,Etobicoke,7268,1,15.2,20
1658197,5,3,634,Semi-Detached,2008,Mississauga,9630,0,16.5,17
1818512,6,4,1768,Townhouse,1951,Brampton,7940,2,15.3,74
2642717,5,3,2981,Townhouse,2010,North York,9133,1,4.8,15
2053854,3,1,3307,Detached,2007,North York,3050,0,22.6,18
2838921,4,5,3937,Townhouse,2009,North York,4725,2,1.3,16
1608014,5,3,1169,Condo,1989,Downtown,0,0,18.7,36
2006571,4,3,2988,Semi-Detached,1985,Mississauga,6554,2,19.9,40
981317,3,1,612,Townhouse,1986,North York,2005,2,13.2,39
1455550,3,2,862,Townhouse,1967,Etobicoke,9553,2,17.8,58
2280311,4,4,2883,Detached,2012,Brampton,6968,2,12.8,13
876896,1,2,682,Condo,1971,Scarborough,0,0,17.9,54
1676872,2,5,1886,Townhouse,1960,Scarborough,2051,1,22.9,65
1528007,1,3,1830,Detached,2007,North York,7352,1,8.7,18
889703,1,1,487,Townhouse,2006,Scarborough,1949,1,20.4,19
1702031,6,1,1467,Detached,1953,Scarborough,6453,0,28.5,72
1517054,1,4,860,Detached,1956,Downtown,8956,1,17.1,69
2049825,5,2,2725,Condo,2010,Etobicoke,0,0,11.0,15
2402034,6,4,2868,Townhouse,2003,Etobicoke,3159,1,33.1,22
2142333,6,3,2124,Condo,2017,Downtown,0,0,15.7,8
2066657,3,4,1776,Detached,1950,Downtown,8393,2,16.9,75
1888648,1,1,3143,Semi-Detached,2004,Scarborough,7945,1,17.0,21
1071559,3,1,914,Townhouse,1952,Mississauga,3221,1,18.6,73
1681214,4,5,1102,Semi-Detached,1987,Brampton,3425,1,12.3,38
1539880,2,5,2053,Townhouse,1950,Brampton,7604,0,16.5,75
2102403,6,3,2466,Condo,1987,Scarborough,0,0,22.6,38
1128763,4,2,422,Condo,1978,Brampton,0,0,12.0,47
2325004,4,4,2860,Condo,1954,Downtown,0,0,11.6,71
1657812,5,3,1453,Condo,1970,Etobicoke,0,0,12.7,55
1709321,2,5,2230,Condo,2020,Brampton,0,0,6.2,5
2112200,4,4,2555,Semi-Detached,2016,Scarborough,7950,1,9.5,9
2383322,4,5,3838,Condo,1996,Mississauga,0,0,9.2,29
1434204,2,4,1704,Detached,1984,Scarborough,2067,2,15.0,41
1912715,2,2,3599,Detached,2017,North York,1628,0,21.7,8
2567877,4,3,3700,Semi-Detached,2018,Scarborough,4010,0,26.6,7
1662772,2,4,1534,Townhouse,1950,Downtown,8367,0,15.5,75
2070688,4,1,2583,Detached,2017,Etobicoke,2865,2,18.7,8
1308412,4,1,761,Townhouse,1961,Etobicoke,6083,0,16.9,64
2780505,5,4,3657,Semi-Detached,2009,Brampton,5397,1,0.0,16
2021288,1,4,2576,Townhouse,1976,Downtown,6218,1,5.8,49
2301607,4,4,2299,Townhouse,2005,North York,6501,2,21.1,20
1678250,3,1,1684,Townhouse,1972,Downtown,5067,0,21.9,53
1596698,6,1,914,Townhouse,1974,Scarborough,9771,1,21.7,51
1303715,1,4,848,Semi-Detached,1970,Downtown,3241,2,13.6,55
2176286,1,5,2323,Detached,2010,Downtown,3520,0,0.0,15
2288181,1,5,3575,Condo,2012,North York,0,0,6.8,13
1788784,5,2,1906,Townhouse,2001,Scarborough,728,0,8.0,24
1530885,4,3,1647,Detached,1974,Mississauga,8862,2,20.0,51
2165927,5,5,2255,Detached,2004,Mississauga,794,0,12.1,21
1267414,4,1,1273,Semi-Detached,1995,Etobicoke,4784,2,28.5,30
2817259,5,5,3962,Detached,1981,Brampton,9117,0,26.7,44
2735862,5,2,2920,Semi-Detached,2004,Downtown,7301,1,28.4,21
2122144,6,2,3481,Townhouse,1954,Etobicoke,1418,2,7.7,71
1587453,3,3,1828,Townhouse,1985,North York,998,2,18.9,40
1882554,5,5,2749,Condo,1998,Mississauga,0,0,11.2,27
2391186,6,1,2678,Condo,2007,Downtown,0,0,17.6,18
1280847,2,1,2154,Condo,1988,North York,0,0,8.6,37
1644299,3,4,1322,Detached,2010,Brampton,4279,1,24.8,15
2074344,5,1,3537,Townhouse,1958,North York,2618,2,8.7,67
1967880,1,3,3384,Semi-Detached,1955,Downtown,6891,2,0.0,70
1513731,2,3,2559,Condo,1984,Brampton,0,0,31.3,41
1175899,2,1,1436,Semi-Detached,1988,North York,8442,0,18.5,37
1717103,6,1,1816,Semi-Detached,1971,Brampton,5065,1,6.4,54
1801940,2,4,2947,Condo,1990,Downtown,0,0,13.7,35
2113927,3,1,3379,Townhouse,1954,Downtown,5687,0,10.4,71
2222954,5,4,3045,Condo,1991,Brampton,0,0,15.0,34
2561741,5,4,2681,Semi-Detached,2016,Scarborough,8743,1,21.4,9
1603745,1,1,3049,Condo,1979,Etobicoke,0,0,20.2,46
1677245,6,2,713,Semi-Detached,2006,North York,2320,0,17.0,19
1674731,1,2,3013,Semi-Detached,2022,North York,3464,2,15.0,3
1800490,2,4,3483,Condo,1978,Scarborough,0,0,23.6,47
1449499,1,1,2656,Detached,1986,Scarborough,3068,0,0.0,39
1692736,3,2,2397,Condo,1962,Scarborough,0,0,9.0,63
1536584,5,1,1437,Detached,1981,Mississauga,2367,0,7.2,44
1273953,2,1,2056,Semi-Detached,1995,Mississauga,7965,0,23.1,30
1819691,1,1,3889,Semi-Detached,1972,Brampton,8102,1,9.1,53
2461431,6,5,3908,Detached,1994,Mississauga,3699,2,4.7,31
2419279,3,1,3848,Semi-Detached,1966,Downtown,6603,2,19.4,59
2379220,3,5,3491,Detached,2015,Brampton,740,1,7.7,10
1671475,1,4,3034,Detached,1955,North York,3940,1,12.2,70
1839936,5,2,2178,Semi-Detached,1967,Etobicoke,5131,2,34.0,58
1544929,1,2,1414,Townhouse,1971,Downtown,8774,2,21.3,54
1424740,2,2,1493,Detached,1982,North York,5577,2,13.3,43
1586176,1,2,3682,Condo,1979,North York,0,0,14.0,46
1355379,3,2,1524,Condo,1981,Brampton,0,0,22.3,44
1185197,1,2,1097,Semi-Detached,1991,Scarborough,8495,1,20.3,34
2135111,5,2,2579,Townhouse,1959,Scarborough,9302,0,15.6,66
2356490,6,4,1804,Semi-Detached,1985,Downtown,6929,2,15.8,40
1372813,4,1,1555,Townhouse,1983,Scarborough,4105,2,3.2,42
1223677,1,3,1443,Detached,2022,North York,2673,0,1.5,3
2208667,5,5,2329,Detached,1977,Scarborough,7068,0,13.6,48
1892297,5,3,2983,Detached,1960,Mississauga,3101,0,9.9,65
1831861,6,3,1413,Detached,1988,Scarborough,3157,0,19.7,37
1006355,3,1,626,Condo,1996,North York,0,0,16.6,29
2150084,5,1,3625,Condo,1968,Brampton,0,0,8.8,57
1839538,5,1,2228,Semi-Detached,1964,Downtown,2659,1,16.3,61
1641689,5,2,1892,Townhouse,1977,Etobicoke,4330,0,11.7,48
1802232,5,4,1221,Detached,1973,Scarborough,8813,0,31.5,52
1578710,2,2,2423,Detached,2021,North York,4868,1,18.1,4
1377014,2,4,1270,Townhouse,1958,Etobicoke,1817,0,2.5,67
2129468,3,4,2852,Townhouse,1996,Etobicoke,4993,2,29.6,29
1518097,1,3,2649,Semi-Detached,1982,Mississauga,1730,2,9.9,43
2200940,5,3,2485,Townhouse,2011,Etobicoke,1633,0,7.2,14
2289474,6,4,3389,Detached,1968,Brampton,8107,1,32.1,57
1620636,1,4,2195,Detached,2016,North York,1801,2,17.8,9
1526564,6,2,587,Detached,1989,North York,2410,1,20.6,36
1432633,1,2,1480,Detached,1996,Scarborough,8582,2,20.9,29
1635953,3,3,1340,Detached,2014,Scarborough,8607,0,13.4,11
2403794,5,1,3491,Semi-Detached,1978,Scarborough,8470,1,10.4,47
2043568,5,4,2720,Detached,1999,Brampton,2416,1,11.7,26
2105347,4,2,3590,Semi-Detached,1962,Etobicoke,7496,1,27.9,63
1616798,1,2,2963,Condo,1983,Mississauga,0,0,25.5,42
1735907,1,4,3692,Condo,1997,Brampton,0,0,14.4,28
1196253,2,4,925,Condo,1997,Scarborough,0,0,9.0,28
2599348,4,5,3986,Condo,1998,Downtown,0,0,3.5,27
1167083,2,1,735,Semi-Detached,2013,Mississauga,9183,0,20.2,12
2361192,2,5,3145,Semi-Detached,2010,Downtown,560,1,28.6,15
1416204,2,3,1478,Townhouse,1978,Etobicoke,9769,1,7.9,47
1987033,6,2,2947,Detached,1988,Mississauga,7181,0,19.1,37
2231755,6,3,3347,Condo,1975,Mississauga,0,0,4.0,50
2072565,3,4,3213,Semi-Detached,1966,North York,1085,0,10.6,59
2345515,3,5,2983,Detached,2020,Etobicoke,6323,1,17.1,5
1240420,2,5,561,Detached,1962,Etobicoke,1034,1,1.2,63
1526531,4,5,993,Semi-Detached,2018,Brampton,3962,0,14.9,7
1481686,1,3,2338,Condo,1975,Mississauga,0,0,8.3,50
2236010,6,4,2606,Townhouse,1998,Etobicoke,3898,2,19.8,27
2082607,4,2,3659,Detached,2016,Mississauga,2655,0,13.7,9
1257371,5,2,459,Townhouse,1956,Brampton,6466,0,22.5,69
2567595,6,3,3362,Condo,2007,Brampton,0,0,12.8,18
2711735,6,5,3790,Condo,1998,North York,0,0,4.1,27
1668342,3,1,2301,Townhouse,2002,Mississauga,9696,0,3.1,23
1745398,1,3,2658,Condo,2014,Etobicoke,0,0,0.0,11
1180825,1,3,805,Detached,2011,Etobicoke,9018,2,20.1,14
1444351,5,4,1063,Townhouse,1966,Mississauga,5203,1,35.5,59
1477231,5,2,1532,Condo,1992,Mississauga,0,0,18.5,33
1719197,6,3,1499,Townhouse,1974,Mississauga,501,1,28.4,51
1399994,2,3,941,Detached,1952,Scarborough,9725,1,24.1,73
1545093,3,5,1737,Condo,1978,Etobicoke,0,0,10.9,47
1330488,3,5,1397,Detached,1981,Brampton,1604,0,25.1,44
1530704,6,1,1540,Condo,1975,Etobicoke,0,0,11.2,50
2011885,4,4,3374,Semi-Detached,1965,Scarborough,5769,0,11.3,60
923080,2,1,1267,Condo,1974,Mississauga,0,0,13.3,51
2415931,6,5,2466,Townhouse,2003,North York,8820,0,13.7,22
937371,2,2,831,Condo,1977,Mississauga,0,0,20.3,48
1434118,2,5,1139,Detached,2022,Mississauga,5346,0,9.6,3
1694974,2,4,1773,Detached,2005,Scarborough,3629,1,22.1,20
1552973,6,5,582,Condo,2014,Etobicoke,0,0,22.0,11
1792454,3,4,2560,Townhouse,1990,Mississauga,8581,2,17.7,35
1568781,3,4,1606,Semi-Detached,2000,Etobicoke,1401,0,30.5,25
2167137,2,4,2928,Townhouse,2020,Downtown,5898,2,25.3,5
1731343,4,4,1569,Semi-Detached,1978,Brampton,7178,1,23.6,47
1192944,1,4,1230,Detached,1968,Etobicoke,6029,1,15.5,57
2064938,6,2,2051,Townhouse,2015,North York,7104,1,17.8,10
1004857,1,1,1536,Semi-Detached,1990,Brampton,4418,0,19.2,35
1832791,4,3,3210,Condo,1994,North York,0,0,15.1,31
1335690,6,1,875,Detached,1964,Mississauga,526,1,12.0,61
1968314,2,4,3210,Condo,1952,Brampton,0,0,0.0,73
1423899,3,2,1726,Detached,1960,Etobicoke,7764,2,20.7,65
1507924,1,5,1370,Townhouse,2002,Brampton,7618,1,23.3,23
1548346,5,2,1419,Townhouse,1995,Mississauga,1047,2,5.7,30
1853524,5,4,1541,Detached,1979,Scarborough,9258,1,19.8,46
2134039,4,2,2236,Detached,2006,North York,9395,2,10.3,19
940384,2,2,560,Detached,1967,Mississauga,5838,1,12.1,58
1929638,1,4,2848,Townhouse,2000,Scarborough,3640,2,25.5,25
1024926,2,2,597,Semi-Detached,1997,Brampton,8496,0,7.1,28
1256764,1,3,1683,Condo,2015,Brampton,0,0,7.1,10
1389550,4,3,1059,Condo,1957,Mississauga,0,0,29.4,68
1773730,4,2,2175,Townhouse,1971,Etobicoke,5443,2,13.8,54
1671479,5,5,1470,Condo,1955,Brampton,0,0,25.0,70
2060746,2,4,2410,Detached,2006,Etobicoke,8298,1,2.2,19
1595291,6,3,798,Semi-Detached,1985,Etobicoke,4291,1,2.9,40
1964215,5,5,2133,Condo,2006,Etobicoke,0,0,7.7,19
1776239,2,2,1982,Semi-Detached,1998,Downtown,8592,0,11.1,27
1989611,5,5,2525,Detached,1994,Scarborough,3725,2,3.8,31
2155165,6,1,2571,Condo,2015,Scarborough,0,0,18.0,10
1363584,3,3,474,Townhouse,1994,Brampton,9237,2,18.5,31
1599549,3,2,2584,Semi-Detached,1969,Brampton,3228,0,7.8,56
1597007,3,4,1001,Detached,2013,Etobicoke,7226,2,8.5,12
2356916,3,2,3871,Semi-Detached,2016,Downtown,7981,0,9.5,9
1056935,1,4,1236,Condo,1952,Etobicoke,0,0,5.7,73
1942212,3,2,1928,Condo,2003,Downtown,0,0,0.0,22
1713970,6,5,899,Townhouse,2013,Etobicoke,1116,1,14.3,12
1856328,4,5,1996,Detached,1989,North York,4144,1,11.6,36
1709386,4,5,537,Detached,2008,North York,6913,0,12.4,17
1590463,1,1,2497,Townhouse,2004,Mississauga,1703,2,6.9,21
1912711,3,4,2194,Townhouse,2011,Etobicoke,3065,1,21.5,14
1570241,3,5,1372,Detached,1953,Brampton,3674,2,34.4,72
1672889,3,1,2042,Semi-Detached,2009,Scarborough,3581,1,8.3,16
2116941,5,4,2285,Semi-Detached,1979,Mississauga,3130,2,26.2,46
1616035,2,2,2701,Townhouse,1951,Brampton,3661,0,17.9,74
2034070,5,1,2428,Semi-Detached,2011,North York,4821,2,15.3,14
1787141,2,3,3157,Detached,1998,Etobicoke,9361,1,12.2,27
1296408,3,1,2300,Condo,1958,Mississauga,0,0,14.3,67
1703898,3,1,3010,Condo,1980,Etobicoke,0,0,24.2,45
2777744,5,4,3204,Semi-Detached,2010,North York,7876,1,5.9,15
1766993,5,2,1849,Townhouse,1997,Mississauga,4578,0,12.8,28
1397860,2,3,946,Townhouse,1974,North York,6301,2,25.0,51
2634504,4,5,3773,Townhouse,1985,Downtown,4651,1,22.9,40
1691630,2,5,1321,Townhouse,1957,North York,9411,2,6.0,68
1599877,5,1,980,Townhouse,2022,Etobicoke,3100,2,13.5,3
2211862,6,4,1772,Semi-Detached,2007,Scarborough,6675,0,20.8,18
1845305,5,4,2356,Condo,1994,North York,0,0,20.3,31
2236977,6,5,2403,Condo,2011,Brampton,0,0,22.8,14
1715176,1,3,2496,Semi-Detached,1988,Scarborough,6340,0,18.1,37
2482212,5,2,3364,Townhouse,2007,Downtown,4065,1,19.4,18
2228301,1,3,3545,Semi-Detached,2013,Mississauga,5093,2,17.7,12
1164383,4,2,1103,Condo,1993,Mississauga,0,0,27.6,32
2082819,2,5,2708,Detached,1978,Scarborough,8821,1,11.6,47
2339196,6,2,2803,Semi-Detached,2008,Mississauga,5234,2,15.4,17
1882915,2,4,2025,Townhouse,2020,North York,6757,0,6.9,5
1673069,1,1,3731,Condo,1958,Scarborough,0,0,5.3,67
1506036,6,1,1037,Condo,1955,Etobicoke,0,0,17.6,70
1983187,2,5,3190,Condo,1978,North York,0,0,9.2,47
2454269,5,4,3766,Condo,2007,North York,0,0,14.5,18
1456793,3,3,1409,Townhouse,1966,North York,1492,2,27.9,59
1915262,1,4,3378,Detached,1965,Etobicoke,7358,2,27.5,60
1138008,2,1,1040,Condo,1952,Downtown,0,0,32.8,73
1520012,1,1,3239,Semi-Detached,1970,Brampton,2723,0,28.1,55
2370227,1,4,3784,Detached,2013,Mississauga,5022,2,34.2,12
2217832,6,4,3059,Condo,1985,Scarborough,0,0,18.5,40
2323638,6,1,2261,Detached,2011,Downtown,3737,1,7.8,14
1970993,3,3,3256,Semi-Detached,1991,Scarborough,4636,1,7.0,34
1625818,5,5,1605,Condo,1991,Mississauga,0,0,26.2,34
1597805,1,5,1085,Semi-Detached,2010,Etobicoke,5204,2,15.4,15
1757428,2,4,2251,Townhouse,1962,North York,5323,2,16.0,63
2527330,4,5,3835,Condo,1960,North York,0,0,10.6,65
777201,1,1,587,Condo,2003,Etobicoke,0,0,11.6,22
1283193,1,1,2019,Condo,1965,Downtown,0,0,18.1,60
1956053,3,4,2087,Condo,1957,Downtown,0,0,6.6,68
2040514,5,4,1384,Townhouse,2008,Scarborough,7627,2,17.1,17
1427072,4,4,947,Condo,2006,Etobicoke,0,0,27.1,19
2369665,6,3,3172,Detached,1989,Downtown,3383,2,0.0,36
2783474,6,5,3373,Condo,2008,Etobicoke,0,0,2.7,17
1573863,2,4,1831,Townhouse,1951,Mississauga,7461,2,20.4,74
1377949,4,2,1275,Condo,1959,North York,0,0,25.9,66
1591289,6,2,1017,Detached,1993,North York,9809,0,11.1,32
1604284,2,1,2861,Townhouse,1960,North York,3501,2,0.0,65
2052713,5,5,1765,Townhouse,1951,Etobicoke,2238,1,26.5,74
1395970,2,4,1643,Detached,1999,Etobicoke,1864,2,8.5,26
1646883,6,2,1302,Detached,1961,Scarborough,3208,2,12.1,64
1402456,3,5,562,Detached,1972,North York,1424,2,17.6,53
1440932,3,1,2374,Detached,1967,Scarborough,651,1,9.7,58
2399676,3,3,3691,Detached,2011,North York,9277,1,8.0,14
1968440,6,5,669,Townhouse,2011,Scarborough,8544,1,8.1,14
1407225,3,5,1031,Townhouse,1987,Scarborough,1412,0,29.9,38
1490975,4,3,1305,Condo,2016,Mississauga,0,0,24.3,9
2369306,5,5,3871,Condo,1987,Scarborough,0,0,19.6,38
2035624,2,1,3653,Semi-Detached,2016,Etobicoke,2648,0,0.0,9
1577404,2,1,2414,Condo,2010,Scarborough,0,0,19.6,15
1893627,6,3,2041,Condo,1950,North York,0,0,19.2,75
1145882,3,4,604,Detached,1994,Scarborough,2620,1,4.8,31
1453108,3,2,981,Detached,1977,Downtown,3585,0,17.1,48
1465502,1,4,1979,Condo,1970,Brampton,0,0,23.4,55
1693892,5,5,1240,Semi-Detached,1962,North York,656,1,19.6,63
2116689,4,2,2236,Detached,1976,Downtown,9426,1,9.6,49
1335280,2,3,1651,Condo,1956,North York,0,0,15.1,69
1457239,1,3,2119,Condo,1971,Etobicoke,0,0,20.8,54
1579270,1,2,2042,Townhouse,2002,Brampton,6023,0,15.5,23
2003684,6,1,3043,Semi-Detached,1953,Brampton,8043,2,25.0,72
1728098,2,2,2697,Townhouse,1972,Etobicoke,8555,1,18.2,53
1938361,6,5,1274,Semi-Detached,2019,Brampton,5154,0,21.0,6
1578694,4,1,1864,Detached,1982,Etobicoke,6750,2,21.6,43
1751056,1,3,2643,Semi-Detached,1977,Downtown,7746,1,6.5,48
984825,1,2,1089,Condo,1957,Mississauga,0,0,15.4,68
1744455,5,4,2410,Condo,1950,North York,0,0,12.3,75
2360169,4,4,3990,Semi-Detached,1986,Etobicoke,1496,1,23.4,39
2305862,1,5,3541,Semi-Detached,2012,North York,5126,0,18.7,13
2159692,4,4,3086,Semi-Detached,1971,Downtown,3405,0,13.5,54
1695966,2,2,1822,Townhouse,2019,Mississauga,9869,0,4.7,6
1925465,3,2,2401,Semi-Detached,1970,Downtown,653,1,2.2,55
1251082,1,4,1071,Detached,1984,Brampton,8353,1,17.5,41
2290383,5,2,3674,Townhouse,1954,North York,6981,2,9.3,71
1589506,2,5,1571,Townhouse,2009,Mississauga,6099,1,20.3,16
1503957,4,1,1895,Semi-Detached,1995,Brampton,2216,0,1.9,30
1642990,6,5,1343,Detached,1999,Mississauga,1286,1,27.7,26
1923070,2,5,2646,Townhouse,1997,Brampton,4868,2,20.3,28
1500909,1,2,1849,Condo,1955,Downtown,0,0,15.8,70
1917688,4,1,2939,Townhouse,2005,Etobicoke,4772,0,28.5,20
1553784,3,2,1295,Semi-Detached,2008,North York,4267,0,22.6,17
1657727,2,3,2589,Detached,1978,Scarborough,9334,2,11.2,47
1578108,1,2,1736,Semi-Detached,2020,Scarborough,6494,2,15.6,5
1310875,5,2,564,Condo,1967,Downtown,0,0,0.0,58
2035971,6,2,2761,Condo,1951,North York,0,0,23.5,74
1534656,4,1,2468,Condo,1957,North York,0,0,12.6,68
1779537,2,2,1505,Semi-Detached,2003,Downtown,4283,2,0.0,22
1878750,2,1,3602,Townhouse,1987,North York,5927,0,5.5,38
1683630,3,4,2153,Semi-Detached,1997,Etobicoke,7511,1,22.0,28
2378639,3,3,3431,Detached,1976,Downtown,8552,1,27.9,49
1889161,5,1,2752,Townhouse,1969,Etobicoke,4201,2,15.2,56
2066024,6,4,2338,Condo,1961,North York,0,0,7.1,64
1596250,5,1,770,Semi-Detached,1992,Downtown,2849,1,3.6,33
1359802,1,1,2280,Condo,2010,North York,0,0,26.3,15
1245943,1,3,1252,Condo,1980,Downtown,0,0,18.6,45
1566654,5,5,783,Detached,2010,North York,1712,2,12.4,15
